zpid,streetAddress,zipcode,price,bathrooms,bedrooms,livingArea,homeType,lotAreaValue
47811192,433 SW Fairway Lake Point,34986,355000.0,2.0,2.0,1363.0,SINGLE_FAMILY,6083.0
47811273,1225 NW Sun Terrace Cir APT B,34986,278000.0,2.0,2.0,1152.0,SINGLE_FAMILY,0.0
47813109,806 SW Saint Andrews Cv,34986,362000.0,2.0,3.0,1679.0,SINGLE_FAMILY,5875.0
47820305,801 SE Forgal St,34983,440000.0,2.0,5.0,3000.0,SINGLE_FAMILY,0.0
47823347,1133 SW Sudder Ave,34953,205000.0,2.0,3.0,960.0,SINGLE_FAMILY,10000.0
47850126,1549 SE Minorca Ave,34952,305000.0,2.0,2.0,932.0,SINGLE_FAMILY,10000.0
81387998,1971 SW Breezeway St,34987,415000.0,2.0,3.0,1820.0,SINGLE_FAMILY,10044.0
81395581,1924 SE High Springs Dr,34952,274900.0,3.0,2.0,1350.0,TOWNHOUSE,0.0
103562966,573 SW Dailey Ave,34953,220000.0,,,,LOT,0.25
47836923,618 SW Ray Ave,34983,309000.0,2.0,2.0,925.0,SINGLE_FAMILY,10000.0
47847101,1942 SE Wheeling Ln,34952,310000.0,2.0,3.0,998.0,SINGLE_FAMILY,0.26802112029384756
47853163,3343 Columbrina Cir,34952,250000.0,2.0,3.0,1648.0,MANUFACTURED,5779.0
65802004,3672 SW Conibear St,34953,475000.0,2.0,3.0,2004.0,SINGLE_FAMILY,10000.0
103517448,166 SW Ladybug Dr,34953,388165.0,2.0,4.0,1828.0,SINGLE_FAMILY,10000.0
103523730,4617 SW Keats St,34953,489900.0,2.0,4.0,2114.0,SINGLE_FAMILY,10000.0
326171421,10909 SW Robbia Way,34987,368500.0,2.0,3.0,1517.0,SINGLE_FAMILY,5097.0
337760979,12259 Rimini Way,34987,360140.0,2.0,2.0,1614.0,SINGLE_FAMILY,5009.0
2057143727,9891 Perfect Dr #A/B,34986,314000.0,3.0,2.0,1196.0,CONDO,0.0
2058273142,54 Mediterranean Blvd E,34952,105000.0,2.0,3.0,1560.0,MANUFACTURED,0.0
47824885,738 SW Bond Rd,34953,305000.0,2.0,2.0,1410.0,SINGLE_FAMILY,10000.0
47826505,822 SW Harvard Rd,34953,299900.0,2.0,3.0,1028.0,SINGLE_FAMILY,10019.0
47833939,681 SE Prineville St,34983,380000.0,2.0,3.0,1732.0,SINGLE_FAMILY,10000.0
47843565,2586 SE Rock Springs Dr,34952,380000.0,2.0,3.0,1613.0,SINGLE_FAMILY,10454.0
47845710,6444 NW Foxglove St,34986,549900.0,3.0,3.0,2460.0,SINGLE_FAMILY,0.5083792470156107
47851304,1454 SE Sunshine Ave,34952,440000.0,2.0,3.0,1710.0,SINGLE_FAMILY,0.3099
66207502,2115 SW Devon Ave,34953,405000.0,3.0,3.0,2084.0,SINGLE_FAMILY,10625.0
66222241,2566 SE Pineland Dr,34952,335000.0,3.0,3.0,1481.0,SINGLE_FAMILY,0.0
103531737,633 NW Prima Vista Blvd,34983,389165.0,2.0,4.0,1828.0,SINGLE_FAMILY,10000.0
103558345,1581 SW Apricot Rd,34953,418000.0,2.0,4.0,1806.0,SINGLE_FAMILY,10000.0
103584311,2521 SE Lyman Cir,34952,398165.0,2.0,4.0,1828.0,SINGLE_FAMILY,10019.0
188510664,5930 NW Pine Trail Cir,34983,450000.0,3.0,4.0,2509.0,SINGLE_FAMILY,4792.0
,,,,,,,,
2058882416,300 SW Kestor Dr,34953,402165.0,2.0,4.0,1828.0,SINGLE_FAMILY,0.2699954086317723
2059999812,2317 SE Tavares Dr #4703,34952,365007.0,3.0,3.0,1666.0,SINGLE_FAMILY,2614.0
2065449070,2911 Fiddlewood Cir,34952,210000.0,2.0,2.0,830.0,MANUFACTURED,5683.0
47821602,462 SW Exmore Ave,34983,279000.0,2.0,2.0,925.0,SINGLE_FAMILY,10000.0
47822620,537 SE Brookside Ter,34983,385000.0,2.0,3.0,1743.0,SINGLE_FAMILY,10000.0
47824402,856 SW Duncan Ter,34953,265000.0,2.0,2.0,925.0,SINGLE_FAMILY,10000.0
47838996,1819 SW Nantucket Ave,34953,395000.0,2.0,3.0,1587.0,SINGLE_FAMILY,10454.0
47841343,104 SW Sebring Cir,34953,450000.0,2.0,4.0,1852.0,SINGLE_FAMILY,0.5662999999999999
47843486,2531 SE Berkshire Blvd,34952,292000.0,2.0,3.0,1183.0,SINGLE_FAMILY,10000.0
47852839,8201 Cinnamon Ln,34952,210000.0,2.0,2.0,1344.0,CONDO,7197.0
47853207,8487 Labelia Ct,34952,240000.0,2.0,2.0,1136.0,MANUFACTURED,5261.0
54774458,689 SW Treasure Cv,34986,380000.0,2.0,2.0,1439.0,SINGLE_FAMILY,7599.0
66204706,421 NE Oleander Ave,34952,335000.0,2.0,3.0,1396.0,SINGLE_FAMILY,9210.0
66215039,6820 Dickinson Ter,34952,517500.0,2.0,3.0,2220.0,SINGLE_FAMILY,0.0
70409167,585 NW Floresta Dr,34983,410000.0,2.0,4.0,1915.0,SINGLE_FAMILY,0.0
70412910,594 SW Indian Key Dr,34986,330000.0,2.0,2.0,1552.0,SINGLE_FAMILY,5052.96
81391870,641 NW Marion Ave,34983,389500.0,2.0,4.0,1650.0,SINGLE_FAMILY,10000.0
81401791,1206 SW Chase Rd,34953,455000.0,3.0,4.0,2496.0,SINGLE_FAMILY,10000.0
81409493,833 SW Janette Ave,34953,545000.0,3.0,4.0,2479.0,SINGLE_FAMILY,10000.0
103525138,218 SE Fiore Bello,34952,225000.0,,,,LOT,0.33500918273645547
103529322,242 SW Kestor Dr,34953,490000.0,3.0,4.0,2263.0,SINGLE_FAMILY,0.28999081726354453
103548461,3902 SW Laffite St,34953,465000.0,3.0,4.0,2127.0,SINGLE_FAMILY,10625.0
103553795,12713 NW Milestone Pl,34987,350000.0,2.0,3.0,1649.0,SINGLE_FAMILY,6534.0
103568097,539 SW Bradshaw Cir,34953,535000.0,3.0,4.0,2173.0,SINGLE_FAMILY,0.26000918273645546
103581091,9668 SW Chestwood Ave,34987,470000.0,2.0,2.0,1596.0,SINGLE_FAMILY,6229.0
103588838,1881 SW Lewis St,34987,465000.0,3.0,4.0,2148.0,SINGLE_FAMILY,10019.0
337760051,13466 SW Gingerline Dr,34987,705000.0,4.0,3.0,2808.0,SINGLE_FAMILY,10284.0
2057211585,1823 SW Darwin St #145,34953,449995.0,3.0,4.0,2127.0,SINGLE_FAMILY,9481.0
2059617531,187 SE Village Dr #187,34952,177500.0,2.0,2.0,948.0,CONDO,0.0
47819233,117 SE Lakehurst Dr,34983,375000.0,2.0,2.0,1132.0,SINGLE_FAMILY,10000.0
47840218,384 SW Kestor Dr,34953,255000.0,2.0,3.0,1582.0,SINGLE_FAMILY,0.2699954086317723
47845662,6547 NW Chugwater Cir,34983,415000.0,2.0,3.0,1766.0,SINGLE_FAMILY,0.2699954086317723
47853456,3313 Ironwood Ave,34952,299900.0,2.0,2.0,1374.0,MANUFACTURED,5281.0
47853789,8242 Maidencane Pl,34952,370000.0,2.0,3.0,1838.0,SINGLE_FAMILY,4849.0
54858861,8150 Meadowlark Ln,34952,223500.0,2.0,3.0,1981.0,MANUFACTURED,6400.0
66205354,1114 SW Coleman Ave,34953,359000.0,2.0,3.0,1510.0,SINGLE_FAMILY,10000.0
66206627,3526 SW Princeton St,34953,430000.0,2.0,4.0,2040.0,SINGLE_FAMILY,10000.0
66211092,352 SW Panther Trce,34953,570000.0,2.0,4.0,2074.0,SINGLE_FAMILY,10819.0
81387226,477 NW Dover Ct,34983,599900.0,4.0,5.0,3926.0,SINGLE_FAMILY,9017.0
82622708,222 SW Ewing Ave,34983,390000.0,3.0,4.0,2066.0,SINGLE_FAMILY,10000.0
103536570,293 SW Becker Rd,34953,385165.0,2.0,4.0,1828.0,SINGLE_FAMILY,10000.0
308929440,13364 SW Gingerline Dr,34987,385000.0,2.0,2.0,1579.0,SINGLE_FAMILY,0.0
326171893,11358 SW Hawkins Ter,34987,465950.0,2.0,2.0,1599.0,SINGLE_FAMILY,6621.0
,,,,,,,,
2057726406,178 W Caribbean,34952,69000.0,2.0,2.0,1501.0,MANUFACTURED,6534.0
2077605948,7 S Granada Ln,34952,52000.0,2.0,2.0,1000.0,MANUFACTURED,0.0
47826338,1058 SW Provincetown Ln,34953,405000.0,2.0,3.0,1652.0,SINGLE_FAMILY,10000.0
47827072,391 SE Walters Ter,34983,270000.0,2.0,3.0,1405.0,SINGLE_FAMILY,0.0
47832171,1582 SW Latshaw Ave,34953,385000.0,2.0,3.0,1988.0,SINGLE_FAMILY,10454.0
103552947,1758 SW Success St,34953,365900.0,2.0,3.0,1270.0,SINGLE_FAMILY,10200.0
103556530,131 SW Sea Lion Rd,34953,109500.0,,,,LOT,10000.0
103561765,126 SW Voltair Ter,34984,479000.0,3.0,4.0,2182.0,SINGLE_FAMILY,10000.0
103578211,4575 SW Fireside Cir,34953,109000.0,,,,LOT,10018.8
103606365,113 SW Fairchild Ave,34984,115000.0,,,,LOT,10000.0
188509818,11067 SW Winding Lakes Cir,34987,390900.0,2.0,2.0,1742.0,SINGLE_FAMILY,5352.0
246591453,6260 NW Helmsdale Way,34983,370000.0,2.0,3.0,1920.0,SINGLE_FAMILY,0.0
308928587,12353 SW Arabella Dr,34987,420000.0,2.0,4.0,2034.0,SINGLE_FAMILY,6534.0
2067232230,8052 Long Dr,34952,275000.0,2.0,3.0,2087.0,MANUFACTURED,6400.0
47811793,313 NW Tuscany Ln,34986,300000.0,2.0,2.0,1373.0,SINGLE_FAMILY,3629.0
47812340,535 NW Cortina Ln,34986,319900.0,2.0,2.0,1573.0,SINGLE_FAMILY,6109.0
47819686,273 SE Twig Ave,34983,99000.0,,,,LOT,10000.0
47831633,2562 SW Bayshore Blvd,34984,356000.0,2.0,3.0,1510.0,SINGLE_FAMILY,10019.0
47843431,2401 SE University Ter,34952,390000.0,2.0,3.0,2262.0,SINGLE_FAMILY,0.3199954086317723
47848748,2963 SE Pruitt Rd,34952,295000.0,2.0,2.0,1498.0,SINGLE_FAMILY,8250.0
47852849,8208 Cinnamon Ln,34952,177000.0,2.0,2.0,1518.0,MANUFACTURED,5913.0
54859069,8105 Meadowlark Ln,34952,180000.0,2.0,2.0,1387.0,MANUFACTURED,7533.0
66219369,217 SW Maclay Way,34986,338000.0,2.0,2.0,1684.0,SINGLE_FAMILY,4792.0
70414659,324 SW Coconut Key Way,34986,329000.0,2.0,3.0,1482.0,SINGLE_FAMILY,4792.0
81384589,11001 SW Dunhill Ct,34987,405000.0,2.0,3.0,1868.0,SINGLE_FAMILY,6098.0
81390360,2190 SE Destin Dr,34952,289000.0,3.0,3.0,1353.0,TOWNHOUSE,1524.6
103530384,1513 SW Santander Ave,34953,499999.0,4.0,4.0,2223.0,SINGLE_FAMILY,10000.0
103554476,6460 NW Faye St,34986,115000.0,,,,LOT,0.26
103590861,973 SW Gwendolen Ter,34953,408000.0,2.0,4.0,1754.0,SINGLE_FAMILY,0.0
103608315,1701 SW Haylake Ave,34953,474900.0,3.0,4.0,2152.0,SINGLE_FAMILY,0.2699954086317723
308928621,10575 SW Jem St,34987,383000.0,2.0,4.0,1916.0,SINGLE_FAMILY,6970.0
337760574,9182 SW Pepoli Way,34987,565000.0,3.0,4.0,2162.0,SINGLE_FAMILY,6752.0
47820638,1344 SE Proctor Ln,34983,347500.0,2.0,3.0,1498.0,SINGLE_FAMILY,10000.0
47821012,949 SE Brookedge Ave,34983,405000.0,2.0,3.0,1429.0,SINGLE_FAMILY,10001.376
47821751,557 SW Ray Ave,34983,405000.0,2.0,3.0,1612.0,SINGLE_FAMILY,10000.0
47823340,1181 SW Goodman Ave,34953,408000.0,2.0,3.0,1335.0,SINGLE_FAMILY,0.0
47823390,1913 SW Sunglow St,34953,280000.0,1.0,2.0,912.0,SINGLE_FAMILY,10000.0
47823958,1974 SW Beard St,34953,359900.0,2.0,3.0,1529.0,SINGLE_FAMILY,10000.0
47829563,1025 SW Majorca Ave,34953,280000.0,2.0,3.0,1480.0,SINGLE_FAMILY,10000.0
47832532,3781 SW Hulska St,34953,357000.0,2.0,3.0,1128.0,SINGLE_FAMILY,10454.0
47847341,1425 SE North Balcourt Ct,34952,253000.0,2.0,2.0,953.0,SINGLE_FAMILY,0.26000918273645546
81391390,4225 SW Elba St,34953,423900.0,2.0,4.0,2141.0,SINGLE_FAMILY,10454.0
81404892,111 NW Aileen St,34983,388000.0,2.0,3.0,1594.0,SINGLE_FAMILY,10018.8
81408473,4141 SW Tumble St,34953,475000.0,3.0,4.0,2373.0,SINGLE_FAMILY,0.0
99363870,3512 SW Dellamano St,34953,399000.0,2.0,4.0,1844.0,SINGLE_FAMILY,10000.0
103531702,2782 SW Savona Blvd,34953,535000.0,3.0,4.0,2369.0,SINGLE_FAMILY,10000.0
103555864,1449 SW Medina Ave,34953,410000.0,2.0,4.0,1809.0,SINGLE_FAMILY,10000.0
103571886,1573 SW Birkey Ave,34953,468900.0,3.0,4.0,2265.0,SINGLE_FAMILY,10000.0
103587113,2912 SW Savona Blvd,34953,572500.0,4.0,4.0,2240.0,SINGLE_FAMILY,10000.0
103596234,2137 SE Glenrock Ter,34952,398165.0,2.0,4.0,1828.0,SINGLE_FAMILY,10000.0
,,,,,,,,
47810808,1438 SW Osprey Cv,34986,699000.0,3.0,4.0,3165.0,SINGLE_FAMILY,0.6
47812765,713 SW Saint Croix Cv,34986,365000.0,2.0,3.0,1587.0,SINGLE_FAMILY,5625.0
47820904,962 SE Atlantus Ave,34983,355000.0,2.0,2.0,1122.0,SINGLE_FAMILY,10000.0
47822163,2209 SW Edison Cir,34953,335000.0,2.0,3.0,1475.0,SINGLE_FAMILY,0.0
47823132,1661 SW Cefalu Cir,34953,437500.0,2.0,3.0,1386.0,SINGLE_FAMILY,0.4820936639118457
47824312,1742 SW Alegre St,34953,285000.0,2.0,2.0,962.0,SINGLE_FAMILY,10000.0
47825805,1966 SE Benedictine St,34983,368000.0,2.0,3.0,1752.0,SINGLE_FAMILY,10000.0
47826718,1065 SW Sultan Dr,34953,337000.0,2.0,3.0,1180.0,SINGLE_FAMILY,10000.0
47828257,571 SE Seahouse Dr,34983,356001.0,2.0,3.0,1559.0,SINGLE_FAMILY,10454.0
47838454,2425 SE Marius St,34952,427900.0,3.0,3.0,2039.0,SINGLE_FAMILY,10000.0
47845382,4702 NW Ever Rd,34983,395000.0,2.0,3.0,1928.0,SINGLE_FAMILY,0.3
47846103,6011 NW Winfield Dr,34986,440000.0,2.0,3.0,1399.0,SINGLE_FAMILY,9700.0
47849222,2058 SE Morningside Blvd,34952,490000.0,2.0,3.0,1930.0,SINGLE_FAMILY,0.4800045913682277
47850287,2272 SE Shipping Rd,34952,280000.0,2.0,2.0,1140.0,SINGLE_FAMILY,10000.0
47851555,1991 SE Erwin Rd,34952,420000.0,2.0,3.0,1855.0,SINGLE_FAMILY,0.2699954086317723
47852218,1330 SE Oakmont Ln,34952,345000.0,2.0,3.0,1320.0,SINGLE_FAMILY,0.0
47856926,2601 SE Erickson Dr,34984,359000.0,2.0,3.0,2041.0,SINGLE_FAMILY,0.46000918273645547
47857183,163 SE Osprey Rdg,34984,621000.0,2.0,4.0,3172.0,SINGLE_FAMILY,0.5298438934802571
54857977,677 SW Andros Cir,34986,370000.0,2.0,3.0,1847.0,SINGLE_FAMILY,8930.0
54858763,820 NW Greenwich Ct,34983,393500.0,3.0,3.0,2124.0,SINGLE_FAMILY,6098.0
66205122,621 SW Aster Rd,34953,327500.0,2.0,4.0,1859.0,SINGLE_FAMILY,10000.0
66217106,8027 9th Hole Dr,34952,215000.0,4.0,2.0,1840.0,MANUFACTURED,6800.0
66222176,2170 SE Grand Dr,34952,269000.0,3.0,3.0,1350.0,TOWNHOUSE,2614.0
67394711,656 NW Stanford Ln,34983,409900.0,2.0,3.0,1473.0,SINGLE_FAMILY,7405.0
70409450,2486 SE Tiffany Ave,34952,405000.0,2.0,4.0,2236.0,SINGLE_FAMILY,10000.0
81386954,2128 SE Eatonville Dr,34952,285000.0,3.0,3.0,1350.0,TOWNHOUSE,1525.0
81410063,2243 SE Blossom Rd,34952,465000.0,2.0,3.0,1854.0,SINGLE_FAMILY,0.25370000000000004
82623885,3466 SW Rosser Blvd,34953,509000.0,3.0,5.0,2440.0,SINGLE_FAMILY,0.0
102966755,6246 NW Gisela St,34986,364900.0,2.0,3.0,1270.0,SINGLE_FAMILY,8800.0
103532328,11381 SW Aspen Ln,34987,482000.0,3.0,3.0,2276.0,SINGLE_FAMILY,7797.0
103536317,1070 SW Del Rio Blvd,34953,80000.0,0.0,,,LOT,10000.0
103538763,3549 SW Vollmer St,34953,376900.0,2.0,3.0,1463.0,SINGLE_FAMILY,10375.0
103543727,686 SW Empire St,34983,465000.0,3.0,4.0,1969.0,SINGLE_FAMILY,10000.0
103545344,401 SW Seaflower Ter,34984,475000.0,,,,SINGLE_FAMILY,0.3199954086317723
103560010,5444 NW Scepter Dr,34983,511900.0,3.0,4.0,2286.0,SINGLE_FAMILY,9904.0
103568521,3042 SE East Blackwell Dr,34952,390000.0,2.0,3.0,1297.0,SINGLE_FAMILY,9577.0
103569321,172 SE Via Bisento,34952,444990.0,2.0,2.0,1547.0,SINGLE_FAMILY,3489.0
103608337,4261 SW Daemon St,34953,0.0,,,,LOT,10000.0
103611109,331 SW Thornhill Dr,34984,355900.0,2.0,3.0,1270.0,SINGLE_FAMILY,10000.0
308927028,12950 SW Lake Fern Cir,34987,360000.0,2.0,2.0,1616.0,SINGLE_FAMILY,4312.44
308928336,10921 SW Pacini Way,34987,469900.0,3.0,4.0,2072.0,SINGLE_FAMILY,5445.0
326172143,11763 SW Moon River Way,34987,690000.0,3.0,3.0,2254.0,SINGLE_FAMILY,6098.0
326172148,12252 SW Sea Springs Rd,34987,582500.0,2.0,3.0,2064.0,SINGLE_FAMILY,6708.0
2056360908,10053 Perfect Dr #61,34986,265000.0,2.0,2.0,1200.0,CONDO,0.0
,,,,,,,,
2067247722,4044 SW Port Saint Lucie Blvd,34953,383165.0,2.0,4.0,1828.0,SINGLE_FAMILY,9787.0
47819075,102 NE Jardain Rd,34983,315000.0,2.0,3.0,1974.0,SINGLE_FAMILY,0.2699954086317723
47826819,1274 SW Parma Ave,34953,325000.0,2.0,2.0,1077.0,SINGLE_FAMILY,10454.0
47832613,3512 SW Vollmer St,34953,340000.0,2.0,3.0,1460.0,SINGLE_FAMILY,10000.0
54858044,706 SW Great Exuma Cv,34986,525000.0,3.0,3.0,2314.0,SINGLE_FAMILY,8189.0
66205583,844 SW Canary Ter,34953,324000.0,2.0,3.0,1209.0,SINGLE_FAMILY,10000.0
66205981,2249 SW Lawrence St,34953,289150.0,2.0,3.0,1594.0,SINGLE_FAMILY,10375.0
103518921,18202 Bridle Way,34987,300000.0,,,,LOT,5.19
103522670,3121 SW Hickenlooper St,34953,420000.0,2.0,4.0,2020.0,SINGLE_FAMILY,10000.0
103527284,2385 SW Import Dr,34953,580000.0,2.0,4.0,2168.0,SINGLE_FAMILY,10000.0
103529998,1754 SW Congo St,34953,510000.0,4.0,4.0,,SINGLE_FAMILY,10000.0
103557381,1741 SW Catalonia St,34987,488800.0,3.0,4.0,2427.0,SINGLE_FAMILY,0.25
103569780,2242 SE Grand Dr,34952,425000.0,3.0,4.0,1802.0,SINGLE_FAMILY,0.0
103581109,1657 SE Harp Ln,34983,376900.0,2.0,3.0,1463.0,SINGLE_FAMILY,10000.0
188510102,11057 SW Visconti Way,34986,585000.0,2.0,3.0,1834.0,SINGLE_FAMILY,6490.0
251240711,10135 SW Coral Tree Cir,34987,420000.0,2.0,2.0,1992.0,SINGLE_FAMILY,6098.0
326171312,11959 SW Vano Way,34987,1125000.0,3.0,3.0,2714.0,SINGLE_FAMILY,10454.0
337761497,12247 Rimini Way,34987,359945.0,2.0,3.0,1504.0,SINGLE_FAMILY,5009.0
338682790,2313 SE Mariposa Ave,34952,111000.0,,,,LOT,10375.0
2056220160,242 SW Quick Ct,34953,450000.0,2.0,4.0,1875.0,SINGLE_FAMILY,10000.0
2057226757,2426 SE Melaleuca Blvd,34952,314990.0,2.0,2.0,1239.0,SINGLE_FAMILY,10000.0
2057831280,13808 SW Gingerline Dr #588,34987,527905.0,3.0,2.0,2080.0,SINGLE_FAMILY,6890.0
47822803,603 SE Harborview Dr,34983,457000.0,2.0,3.0,1290.0,SINGLE_FAMILY,0.26000918273645546
47830160,1246 SW Albenga Ave,34953,355000.0,2.0,3.0,1478.0,SINGLE_FAMILY,10000.0
47830338,2062 SE Floresta Dr,34984,416000.0,2.0,4.0,1930.0,SINGLE_FAMILY,10000.0
47832665,1911 SW Janette Ave,34953,330000.0,2.0,3.0,1643.0,SINGLE_FAMILY,10454.0
47844483,101 SW Covington Rd,34953,370000.0,2.0,3.0,1578.0,SINGLE_FAMILY,0.26000918273645546
,,,,,,,,
47850885,1701 SE Ebb Ct,34952,675000.0,4.0,4.0,3670.0,SINGLE_FAMILY,0.4800045913682277
54591329,432 NW Canterbury Ct,34983,435000.0,2.0,4.0,2364.0,SINGLE_FAMILY,8973.0
54858379,368 NW Toscane Trl,34986,400000.0,2.0,3.0,2080.0,SINGLE_FAMILY,6142.0
66206293,1986 SW Brisbane St,34984,302000.0,2.0,3.0,1214.0,SINGLE_FAMILY,10019.0
81407061,402 SW Duval Ave,34983,375000.0,2.0,3.0,1346.0,SINGLE_FAMILY,10000.0
81407332,9702 SW Glenbrook Dr,34987,360000.0,2.0,3.0,1761.0,SINGLE_FAMILY,5227.0
103535249,427 NW Boundary Dr,34986,300000.0,,,,LOT,3698.244
103561233,1013 SW Liberty Ave,34953,385000.0,2.0,4.0,1828.0,SINGLE_FAMILY,10000.0
103575388,1580 NW Cataluna Cir,34986,465000.0,3.0,4.0,2534.0,SINGLE_FAMILY,5916.0
103608396,1214 SW Bellevue Ave,34953,369900.0,2.0,3.0,1463.0,SINGLE_FAMILY,10375.0
188509790,11224 SW Winding Lakes Cir,34987,400000.0,2.0,2.0,1742.0,SINGLE_FAMILY,5581.0
308927530,12163 SW Jasper Lake Way,34987,489000.0,2.0,3.0,1716.0,SINGLE_FAMILY,4878.0
337761168,10162 SW Corvus Ln,34987,420000.0,2.0,2.0,1635.0,SINGLE_FAMILY,6534.0
47810134,7940 Plantation Lakes Dr,34986,1300000.0,4.0,3.0,3652.0,SINGLE_FAMILY,2.35
47812444,437 SW Horseshoe Bay,34986,430000.0,2.0,3.0,1651.0,SINGLE_FAMILY,7720.0
47812562,894 SW Lake Charles Cir,34986,700000.0,4.0,4.0,3076.0,SINGLE_FAMILY,9872.0
47817344,6845 Bronte Cir,34952,390000.0,2.0,3.0,2270.0,SINGLE_FAMILY,8712.0
47841931,3110 SE Card Ter,34984,250000.0,2.0,3.0,1253.0,SINGLE_FAMILY,0.3600091827364555
47842832,2142 SE North Blackwell Dr,34952,422500.0,2.0,3.0,1610.0,SINGLE_FAMILY,0.2753443526170799
66209044,4151 SW Baltic St,34953,380000.0,2.0,4.0,1495.0,SINGLE_FAMILY,0.3
66209237,330 SW Log Dr,34953,385000.0,2.0,3.0,1728.0,SINGLE_FAMILY,0.25
66214661,723 SW Munjack Cir,34986,480000.0,3.0,3.0,1863.0,SINGLE_FAMILY,6186.0
70408277,4109 SW Darien St,34953,418000.0,2.0,4.0,2014.0,SINGLE_FAMILY,10001.376
70410988,5860 NW Corso Ave,34986,530000.0,3.0,5.0,2569.0,SINGLE_FAMILY,0.0
81401499,343 SW Majestic Ter,34984,370000.0,3.0,5.0,2576.0,SINGLE_FAMILY,10000.0
97858111,2790 SE Buccaneer Cir,34952,408165.0,2.0,4.0,1916.0,SINGLE_FAMILY,0.3
103529550,3161 SW Hickenlooper St,34953,500000.0,3.0,4.0,2472.0,SINGLE_FAMILY,9684.0
103577542,495 NW Boundary Dr,34986,262500.0,,,,LOT,2613.6
103603918,1213 SW Ackard Ave,34953,439900.0,3.0,4.0,1833.0,SINGLE_FAMILY,10000.0
103609145,139 SE Via Lago Garda,34952,155000.0,,,,LOT,0.3812
308927033,23005 SW Accesi Way,34986,859000.0,3.0,3.0,2222.0,SINGLE_FAMILY,7275.0
308929678,447 SE Vallarta Dr,34984,525000.0,2.0,3.0,1972.0,SINGLE_FAMILY,9583.0
337760546,12260 Rimini Way,34987,450590.0,3.0,5.0,2447.0,SINGLE_FAMILY,4792.0
337760981,12229 Rimini Way,34987,425000.0,3.0,4.0,2260.0,SINGLE_FAMILY,5009.0
337762188,12232 Forli Way,34987,484018.0,2.0,3.0,1988.0,SINGLE_FAMILY,8886.0
337762327,11583 Viridian Blvd,34987,408125.0,2.0,2.0,1634.0,SINGLE_FAMILY,4792.0
,,,,,,,,
2061985362,607 NE Waters Edge Ln #2102,34983,314935.0,3.0,3.0,1690.0,TOWNHOUSE,1742.0
,,,,,,,,
47812299,554 NW Cortina Ln,34986,275000.0,2.0,2.0,1540.0,SINGLE_FAMILY,4500.0
47818251,354 E Prima Vista Blvd,34983,360000.0,2.0,4.0,1535.0,SINGLE_FAMILY,0.28999081726354453
47823698,1802 SW Day St,34953,305000.0,2.0,2.0,1197.0,SINGLE_FAMILY,0.26000918273645546
47826624,765 SW Nichols Ter,34953,340000.0,2.0,3.0,1056.0,SINGLE_FAMILY,10001.376
47832564,1444 SW Dimperio Ave,34953,325000.0,2.0,3.0,1332.0,SINGLE_FAMILY,10000.0
47844296,473 SW Kentwood Rd,34953,281000.0,2.0,2.0,912.0,SINGLE_FAMILY,10000.0
47844469,115 SW Bedford Rd,34953,395000.0,2.0,3.0,1444.0,SINGLE_FAMILY,0.2796
47852606,1465 SE Rivergreen Cir,34952,279900.0,3.0,3.0,1443.0,TOWNHOUSE,0.0
47852856,8215 Caper Ln,34952,295000.0,2.0,2.0,1152.0,MANUFACTURED,5350.0
47853509,3391 Ironwood Ave,34952,295000.0,2.0,3.0,1728.0,MANUFACTURED,6969.6
47856167,1623 SE Green Acres Cir APT X201,34952,220000.0,2.0,2.0,874.0,CONDO,0.0
47857522,3353 SE East Snow Rd,34984,515000.0,2.0,3.0,1678.0,SINGLE_FAMILY,0.5199954086317723
66207174,1741 SW Penrose Ave,34953,425000.0,2.0,4.0,1842.0,SINGLE_FAMILY,10000.0
66208262,726 SW Colleen Ave,34983,419000.0,2.0,3.0,1704.0,SINGLE_FAMILY,10000.0
70412354,313 NW Clearview Ct,34986,383000.0,2.0,2.0,1661.0,SINGLE_FAMILY,5837.0
70414574,348 NW Breezy Point Loop,34986,365000.0,2.0,2.0,1526.0,SINGLE_FAMILY,5097.0
70417096,8914 Sandshot Ct #5121,34986,350000.0,3.0,2.0,1312.0,CONDO,0.0
70417773,114 SW Peacock Blvd APT 8-207,34986,250000.0,2.0,2.0,1199.0,CONDO,1000.0
81398553,2074 SE Fern Park Dr,34952,340000.0,3.0,3.0,1501.0,SINGLE_FAMILY,2831.0
81406776,5948 NW Hann Dr,34986,435000.0,2.0,4.0,2251.0,SINGLE_FAMILY,10019.0
82625254,2343 SW Salmon Rd,34953,469900.0,3.0,4.0,2196.0,SINGLE_FAMILY,10000.0
103522619,1138 SW Airoso Blvd,34983,385165.0,2.0,4.0,1828.0,SINGLE_FAMILY,10454.0
103529413,4117 SW Spickler St,34953,105000.0,0.0,,,LOT,10000.0
103537294,5752 NW Zenith Dr,34986,105000.0,,,,SINGLE_FAMILY,0.2699954086317723
103606506,1741 SE Sandia Dr,34983,409999.0,2.0,4.0,1815.0,SINGLE_FAMILY,0.25
251239900,12965 SW Aureolian Ln,34987,715000.0,2.0,3.0,2170.0,SINGLE_FAMILY,7013.0
308927120,8794 SW Vico Way,34987,475000.0,2.0,2.0,1731.0,SINGLE_FAMILY,7100.0
308927773,11087 SW Carriage Hill Ln,34987,415000.0,2.0,2.0,1508.0,SINGLE_FAMILY,4817.736
337760559,12301 Rimini Way,34987,361140.0,2.0,2.0,1614.0,SINGLE_FAMILY,5009.0
2056338025,45 Mariposa Ln,34952,119900.0,2.0,2.0,1224.0,MANUFACTURED,0.0
2056959684,608 NE Waters Edge Ln #2202,34983,335532.0,3.0,3.0,1690.0,TOWNHOUSE,1742.0
2057960211,10215 Orana Dr,34987,591190.0,3.0,4.0,2750.0,SINGLE_FAMILY,9319.0
2058112774,4002 SW Savona Blvd,34953,386165.0,2.0,4.0,1828.0,SINGLE_FAMILY,10454.0
2059999843,2325 SE Tavares Dr #4704,34952,345495.0,3.0,3.0,1666.0,SINGLE_FAMILY,2614.0
2060434845,637 NE Waters Edge Ln #1601,34983,379995.0,3.0,4.0,2235.0,TOWNHOUSE,3920.0
2136921946,118 Camino Del Rio,34952,75000.0,2.0,2.0,1450.0,MANUFACTURED,0.0
47844730,674 SW Old Briar Ave,34953,346150.0,2.0,3.0,1320.0,SINGLE_FAMILY,0.0
47846877,5399 NW Lamoore Ln,34983,485000.0,3.0,3.0,2045.0,SINGLE_FAMILY,0.3
47857809,3193 SE Carrick Green Ct,34952,460000.0,3.0,3.0,1915.0,SINGLE_FAMILY,5810.0
66217095,2825 Three Wood Dr,34952,235000.0,2.0,2.0,1695.0,MANUFACTURED,7645.0
70407823,1019 SW Fisherman Ave,34953,410000.0,2.0,3.0,1843.0,SINGLE_FAMILY,0.0
81391262,2078 SE Wild Meadow Cir,34952,280000.0,2.0,2.0,1498.0,CONDO,1000.0
81394706,2167 SE Destin Dr,34952,285000.0,3.0,3.0,1615.0,TOWNHOUSE,2222.0
103517851,3971 SW Hablow St,34953,385000.0,2.0,4.0,1806.0,SINGLE_FAMILY,10000.0
103520514,4611 SW Albacore St,34953,438500.0,2.0,4.0,1847.0,SINGLE_FAMILY,0.0
103565314,2102 SW Ranch Ct,34953,105000.0,,,,LOT,10454.4
103587769,4058 SW Port Street Lucie Blvd,34953,389165.0,2.0,4.0,1828.0,SINGLE_FAMILY,9787.0
103602467,2101 SW Ranch Ct,34953,105000.0,,,,LOT,10454.4
103606112,1009 SW Sultan Dr,34953,103200.0,,,,LOT,0.3399908172635445
126044879,19019 SW Positano Way,34986,456000.0,2.0,3.0,1834.0,SINGLE_FAMILY,5968.0
2057824892,1902 SW Certosa Rd,34953,535000.0,3.0,4.0,2254.0,SINGLE_FAMILY,0.3
2060617123,619 NE Waters Edge Ln #2104,34983,351994.0,3.0,3.0,1992.0,TOWNHOUSE,2178.0
47810540,1215 SW Bent Pine Cv,34986,675000.0,4.0,3.0,2749.0,SINGLE_FAMILY,0.2900596877869605
47822668,417 SE Lamon Ln,34983,469000.0,2.0,3.0,1669.0,SINGLE_FAMILY,10000.0
47834329,722 NW Riverside Dr,34983,305000.0,2.0,3.0,1474.0,SINGLE_FAMILY,10000.0
47835464,358 NE Genesee Ave,34983,235000.0,0.0,3.0,1.0,SINGLE_FAMILY,10000.0
47839616,1038 SW Macao Ave,34953,465000.0,2.0,3.0,1718.0,SINGLE_FAMILY,10000.0
47850661,1997 SE Bolton Ave,34952,417500.0,3.0,4.0,2216.0,SINGLE_FAMILY,0.4800045913682277
55731687,9225 Wentworth Ln,34986,315000.0,2.0,3.0,1577.0,SINGLE_FAMILY,1742.0
66208007,308 NW Friar St,34983,390000.0,2.0,4.0,2220.0,SINGLE_FAMILY,10000.0
66208230,389 NE Surfside Ave,34983,310000.0,2.0,3.0,1614.0,SINGLE_FAMILY,0.31000918273645545
70417235,10929 SW Hartwick Dr,34987,135000.0,4.0,4.0,2487.0,SINGLE_FAMILY,8929.0
98960995,2401 SE North Lookout Blvd,34984,1650000.0,6.0,7.0,4080.0,SINGLE_FAMILY,1.1600091827364554
103516153,312 SE Majestic Ter,34983,200000.0,0.0,0.0,,LOT,10018.0
103538475,10372 SW Indian Lilac Trl,34987,359000.0,2.0,2.0,1748.0,SINGLE_FAMILY,6578.0
103544810,320 NW Dearman St,34983,90000.0,3.0,4.0,2355.0,SINGLE_FAMILY,10018.0
103561175,2393 SW Madrid Rd,34953,120000.0,0.0,0.0,,LOT,0.3899908172635445
103585318,3511 SW Dellamano St,34953,105000.0,3.0,4.0,2232.0,SINGLE_FAMILY,10000.0
103587187,5533 NW Thyer Cir,34983,110000.0,,,,SINGLE_FAMILY,10000.0
103609768,1145 SW Kapok Ave,34953,300000.0,,,,LOT,10000.0
188510165,690 NE Waters Edge Ln,34983,309000.0,3.0,2.0,1354.0,TOWNHOUSE,1742.0
337762005,13556 SW Gingerline Dr,34987,552500.0,2.0,2.0,2050.0,SINGLE_FAMILY,8737.0
,,,,,,,,
2057626730,1312 SW Calmar Ave #164,34953,471375.0,3.0,4.0,2127.0,SINGLE_FAMILY,10000.0
2066647461,448 Mulberry Way,34984,475000.0,2.0,3.0,1695.0,SINGLE_FAMILY,6098.0
47811932,458 NW Casanova Cir,34986,303000.0,2.0,2.0,1710.0,SINGLE_FAMILY,4449.0
47812107,631 NW San Remo Cir,34986,230000.0,2.0,2.0,1233.0,SINGLE_FAMILY,0.0
47817537,507 Coconut Ave E,34952,289000.0,2.0,3.0,1805.0,SINGLE_FAMILY,0.33340000000000003
47823678,1799 SW Day St,34953,435000.0,2.0,4.0,1941.0,SINGLE_FAMILY,0.3199954086317723
47825187,1692 SE Floresta Dr,34983,439900.0,2.0,3.0,2040.0,SINGLE_FAMILY,10000.0
47844170,2932 SW Massey Ln,34953,237500.0,2.0,3.0,1577.0,SINGLE_FAMILY,0.33000459136822774
47847524,2136 SE East Dunbrooke Cir,34952,190000.0,1.0,2.0,912.0,SINGLE_FAMILY,0.3
47847908,226 NE Ardsley Dr,34983,137341.0,2.0,3.0,1166.0,SINGLE_FAMILY,0.2699954086317723
,,,,,,,,
47853177,3374 Columbrina Cir,34952,305000.0,2.0,2.0,1515.0,MANUFACTURED,6290.0
47856691,2510 SE Anchorage Cv APT F-1,34952,237000.0,,,1018.0,CONDO,1000.0
66210886,5261 NW Milner Dr,34983,639000.0,3.0,3.0,2293.0,SINGLE_FAMILY,0.4686868686868687
70412450,177 NW Magnolia Lakes Blvd,34986,740000.0,5.0,5.0,3575.0,SINGLE_FAMILY,9104.0
70417999,550 SE Penn Ave,34984,428000.0,2.0,4.0,2110.0,SINGLE_FAMILY,0.0
70418168,2825 Eagles Nest Way,34952,169000.0,2.0,3.0,1560.0,MANUFACTURED,5966.0
82618603,10042 SW Chadwick Dr,34987,311000.0,2.0,2.0,1532.0,SINGLE_FAMILY,5662.0
103551175,5959 NW Baynard Dr,34986,413900.0,,,,LOT,9874.0
103574859,301 SW Lacroix Ave,34953,440000.0,,,,SINGLE_FAMILY,10454.0
103600893,1926 SW Beard St,34953,107500.0,,,,LOT,10000.0
103606211,4403 SW Bonney St,34953,388165.0,2.0,4.0,1828.0,SINGLE_FAMILY,0.26000918273645546
103606679,2300 SW Pamona St,34953,100000.0,,,,SINGLE_FAMILY,0.28999081726354453
125976348,223 SE Courances Dr,34984,422800.0,2.0,3.0,2125.0,SINGLE_FAMILY,8276.0
,,,,,,,,
,,,,,,,,
2063619586,5517 NW Thyer Cir,34953,110000.0,,,,LOT,0.0
47824253,992 SW Janette Ave,34953,270000.0,2.0,2.0,912.0,SINGLE_FAMILY,10000.0
47824649,1800 SW Cameo Blvd,34953,230000.0,2.0,3.0,1056.0,SINGLE_FAMILY,10454.0
47825345,972 SE THORNHILL DR,34983,439900.0,2.0,4.0,2926.0,SINGLE_FAMILY,
47825666,1933 SE Franciscan St,34983,441000.0,2.0,3.0,1518.0,SINGLE_FAMILY,10000.0
47843584,2749 SE Mariposa Ave,34952,340000.0,2.0,2.0,1242.0,SINGLE_FAMILY,0.0
47850606,2622 SE Emmett Rd,34952,550000.0,3.0,3.0,2585.0,SINGLE_FAMILY,0.6199954086317723
47850696,2417 SE Elston St,34952,599900.0,2.0,3.0,1863.0,SINGLE_FAMILY,0.5
47853201,8490 Schefflera Ct,34952,170000.0,2.0,2.0,1514.0,MANUFACTURED,5492.916
47853843,674 SE Hidden River Dr,34983,550001.0,3.0,4.0,2919.0,SINGLE_FAMILY,0.45
54858931,3804 Fetterbush Ct,34952,89000.0,2.0,2.0,1238.0,MANUFACTURED,7838.0
62004582,3053 Five Iron Dr,34952,180000.0,2.0,2.0,1247.0,MANUFACTURED,6400.0
66222129,3060 Eagles Nest Way,34952,110000.0,2.0,2.0,1080.0,MANUFACTURED,6011.28
66222162,2341 SE Tavares Dr,34952,360100.0,3.0,3.0,1666.0,SINGLE_FAMILY,2614.0
70407685,3117 SW Collings Dr,34953,450000.0,3.0,4.0,2390.0,SINGLE_FAMILY,10454.0
70413222,1597 SW Bellevue Ave,34953,348000.0,2.0,3.0,1350.0,SINGLE_FAMILY,10000.0
70417986,1228 SW Thomas Ct,34953,403000.0,2.0,4.0,1690.0,SINGLE_FAMILY,10000.0
70418271,2107 SW Newport Isles Blvd,34953,420000.0,3.0,4.0,1938.0,SINGLE_FAMILY,6729.0
81394103,673 SE Ron Rico Ter,34983,390000.0,2.0,3.0,1735.0,SINGLE_FAMILY,10000.0
90164143,188 SW Sea Lion Rd,34953,370000.0,2.0,3.0,1318.0,SINGLE_FAMILY,10000.0
90164908,11968 SW Aventino Dr,34987,949900.0,4.0,6.0,3726.0,SINGLE_FAMILY,0.325
98969043,117 SE San Fratello,34984,320000.0,,,,LOT,0.31000918273645545
103517423,5828 NW Cullom Cir,34986,97000.0,,,,LOT,10000.0
103517954,2825 SE Pace Dr,34984,97500.0,,,,SINGLE_FAMILY,10000.0
103552305,340 SW Film Ave,34953,500000.0,3.0,4.0,2388.0,SINGLE_FAMILY,10454.0
103592498,5800 NW Wesley Rd,34986,116000.0,,,,LOT,10286.0
103596758,18003 Bridle Way,34987,965000.0,2.0,4.0,2462.0,SINGLE_FAMILY,5.2399908172635445
188510593,5485 NW Pine Trail Cir,34983,380000.0,2.0,3.0,1365.0,SINGLE_FAMILY,4791.6
308929520,12829 SW Vermillion Cir,34987,383500.0,2.0,2.0,1579.0,SINGLE_FAMILY,4860.0
2059041555,13346 SW Vermillion Cir,34987,471325.0,2.0,2.0,1943.0,SINGLE_FAMILY,0.0
103529859,298 SW Kestor Dr,34953,100000.0,,,,LOT,0.27
47810758,411 SW Magnolia Cv,34986,469000.0,2.0,4.0,2278.0,SINGLE_FAMILY,0.2539
47812099,647 NW San Remo Cir,34986,245000.0,2.0,2.0,1233.0,SINGLE_FAMILY,1834.0
47819356,1125 SE Airoso Blvd,34983,308000.0,2.0,3.0,1304.0,SINGLE_FAMILY,10000.0
47819576,1241 SE Nancy Ln,34983,325000.0,2.0,3.0,1386.0,SINGLE_FAMILY,10000.0
47820789,1297 SE Floresta Dr,34983,365000.0,2.0,3.0,1487.0,SINGLE_FAMILY,0.25
47827038,249 SE Volkerts Ter,34983,324900.0,2.0,3.0,1118.0,SINGLE_FAMILY,10000.0
47828000,414 SE Whitmore Dr,34984,369900.0,2.0,3.0,1711.0,SINGLE_FAMILY,10000.0
47846644,5532 NW Cordrey St,34986,235000.0,2.0,3.0,1528.0,SINGLE_FAMILY,125.0
47847404,1508 SE Collette Cir,34952,264000.0,2.0,2.0,987.0,SINGLE_FAMILY,0.26000918273645546
47848891,2948 SE Treasure Island Rd,34952,305000.0,2.0,3.0,1272.0,SINGLE_FAMILY,9881.0
47850118,1486 SE Grapeland Ave,34952,360000.0,2.0,3.0,1443.0,SINGLE_FAMILY,10000.0
47851399,1951 SE Westmoreland Blvd,34952,415000.0,2.0,3.0,1784.0,SINGLE_FAMILY,0.5509641873278237
47852923,3225 Columbrina Cir,34952,299900.0,2.0,3.0,1728.0,MANUFACTURED,4890.0
54857861,686 SW Treasure Cv,34986,383000.0,2.0,2.0,1696.0,SINGLE_FAMILY,7554.0
66207594,1002 SW McComkle Ave,34953,405000.0,2.0,3.0,1952.0,SINGLE_FAMILY,10000.0
66208504,2412 SE Alfonso Ave,34952,329500.0,2.0,4.0,2236.0,SINGLE_FAMILY,10000.0
66216427,675 NE Little Kayak Point,34983,380000.0,2.0,4.0,1968.0,SINGLE_FAMILY,8712.0
66219386,341 SW Coconut Key Way,34986,348000.0,2.0,3.0,1552.0,SINGLE_FAMILY,4792.0
66219434,761 SW General Patton Ter,34953,345000.0,2.0,3.0,1529.0,SINGLE_FAMILY,0.0
70417919,158 SW Peacock Blvd APT 30-107,34986,248000.0,2.0,2.0,1141.0,CONDO,1000.0
81388503,2849 SE Ironton Ave,34952,367000.0,2.0,3.0,1410.0,SINGLE_FAMILY,10000.0
81398888,2214 SW Marshfield Ct,34953,325000.0,3.0,3.0,1820.0,TOWNHOUSE,2788.0
103517767,643 NW Riverside Dr,34983,399165.0,2.0,4.0,1828.0,SINGLE_FAMILY,10000.0
103520276,566 SW College Park Rd,34953,505000.0,3.0,5.0,2348.0,SINGLE_FAMILY,10454.0
103526718,1241 SW Bargello Ave,34953,100000.0,,,,SINGLE_FAMILY,10000.0
103539565,1542 SW Medley Ln,34953,485000.0,3.0,4.0,2127.0,SINGLE_FAMILY,10000.0
103540728,1585 SW Merchant Ln,34953,475000.0,3.0,4.0,2209.0,SINGLE_FAMILY,10000.0
103544048,361 SE Fallon Dr,34983,370000.0,2.0,4.0,1414.0,SINGLE_FAMILY,10000.0
103546680,2034 SW Tropical Ter,34953,435000.0,2.0,4.0,1840.0,SINGLE_FAMILY,0.26000918273645546
103551875,3202 SW Regatta St,34953,455000.0,3.0,4.0,2148.0,SINGLE_FAMILY,10454.0
103562664,4214 SW Savona Blvd,34953,101000.0,,,,SINGLE_FAMILY,10018.0
103582483,1226 SW Kalevala Dr,34953,403165.0,2.0,4.0,1828.0,SINGLE_FAMILY,10454.0
103591630,4373 SW Jarmer Rd,34953,499990.0,4.0,4.0,2223.0,SINGLE_FAMILY,0.25
103593328,1612 SW Angelico Ln,34984,105000.0,0.0,,,LOT,10000.0
103594404,1737 SW Bradway Ln,34953,453220.0,3.0,4.0,2554.0,SINGLE_FAMILY,0.2699954086317723
103595085,3902 SW Halcomb St,34953,460000.0,2.0,3.0,2061.0,SINGLE_FAMILY,0.28000459136822775
103605537,3098 SW Savona Blvd,34953,386165.0,2.0,4.0,1828.0,SINGLE_FAMILY,10000.0
103606932,132 SW Dalton Cir,34953,117000.0,,,,LOT,0.28000459136822775
103608002,541 SW Nadell Ct,34953,90000.0,,,,SINGLE_FAMILY,0.5399908172635446
188510522,655 NE Waters Edge Ln,34983,346700.0,0.0,3.0,1992.0,LOT,2178.0
188510559,638 NE Waters Edge Ln,34983,350000.0,3.0,3.0,2232.0,TOWNHOUSE,2614.0
188510560,644 NE Waters Edge Ln,34983,404900.0,0.0,,,LOT,3920.0
251240328,11928 SW Bristol Bay Dr,34987,666900.0,3.0,2.0,2358.0,SINGLE_FAMILY,7231.0
,,,,,,,,
326172532,13555 SW Green Delta Rd,34987,640000.0,3.0,4.0,2358.0,SINGLE_FAMILY,6839.0
337760214,12240 Nettuno Way,34987,350000.0,2.0,3.0,1504.0,SINGLE_FAMILY,5009.0
338683055,1862 SW Certosa Rd,34953,478000.0,3.0,4.0,2127.0,SINGLE_FAMILY,10018.0
2057549105,18003 Bridle Way,34987,965000.0,2.0,4.0,2462.0,SINGLE_FAMILY,5.2399908172635445
2058940612,9387 SW Pinnacle Pl N,34987,698222.0,3.0,2.0,2241.0,SINGLE_FAMILY,0.26000918273645546
2060412094,4090 SW Darwin Blvd,34953,440000.0,2.0,3.0,1567.0,SINGLE_FAMILY,10454.0
2067235077,8048 Long Dr,34952,192500.0,2.0,2.0,1502.0,MANUFACTURED,6400.0
2083080557,4252 Sw Darien Street,34953,106000.0,,,,LOT,0.28999081726354453
47818832,844 SE Festivo Ct,34983,220200.0,2.0,3.0,990.0,SINGLE_FAMILY,10018.0
47820732,784 SE Atlantus Ave,34983,80000.0,2.0,3.0,1484.0,SINGLE_FAMILY,10000.0
47833725,599 SE Euclid Ln,34983,443000.0,2.0,3.0,1590.0,SINGLE_FAMILY,0.3199954086317723
47834308,572 NW Floresta Dr,34983,420000.0,2.0,3.0,1566.0,SINGLE_FAMILY,0.0
47835493,786 NE Jordan Ter,34983,420000.0,2.0,3.0,2239.0,SINGLE_FAMILY,10000.0
47839007,1716 SW Nantucket Ave,34953,405000.0,2.0,3.0,1943.0,SINGLE_FAMILY,0.3373507805325987
47842204,3304 SE West Snow Rd,34984,330000.0,2.0,3.0,2006.0,SINGLE_FAMILY,0.3
47846119,6163 NW Gatun Dr,34986,380000.0,2.0,3.0,2006.0,SINGLE_FAMILY,10019.0
47848038,221 NE Faring Ave,34983,315000.0,2.0,2.0,1358.0,SINGLE_FAMILY,9838.0
47850729,2409 SE Delano Rd,34952,375000.0,2.0,3.0,2112.0,SINGLE_FAMILY,0.4300045913682277
54859037,7841 Meadowlark Ln,34952,170000.0,2.0,3.0,1475.0,MANUFACTURED,6693.0
103519614,2250 SE Genoa St,34952,310000.0,2.0,2.0,1239.0,SINGLE_FAMILY,10000.0
103521606,1592 SW Import Dr,34953,215000.0,,,,LOT,0.4800045913682277
103523132,842 SE Seahouse Dr,34983,100000.0,,,,SINGLE_FAMILY,10000.0
103523205,5857 NW Zenith Dr,34986,120000.0,,,,LOT,0.25126262626262624
103528375,581 SW Comet Ter,34953,100000.0,0.0,0.0,,LOT,10206.0
103545226,6217 NW Duke Cir,34983,103000.0,,,,LOT,10125.0
103554619,1874 SW Penrose Ave,34953,375000.0,2.0,3.0,1427.0,SINGLE_FAMILY,10454.0
103565456,501 SW Colleen Ave,34983,101000.0,,,,SINGLE_FAMILY,0.32998163452708906
103570122,4252 SW Darwin Blvd,34953,106000.0,,,,SINGLE_FAMILY,0.28999081726354453
103604519,414 NW Airoso Blvd,34983,98000.0,,,,LOT,10019.0
117598907,12138 SW Bennington Cir,34987,645000.0,4.0,4.0,2886.0,SINGLE_FAMILY,7992.0
337760210,12277 Rimini Way,34987,369140.0,2.0,2.0,1614.0,SINGLE_FAMILY,5009.0
337761521,9405 Serapis Way,34987,421900.0,2.0,4.0,2151.0,SINGLE_FAMILY,6273.0
2057133944,2510 SE Anchorage Cove F 1,34952,237000.0,2.0,2.0,1018.0,CONDO,1000.0
,,,,,,,,
47827460,1705 SE Aires Ln,34984,290000.0,2.0,3.0,1786.0,SINGLE_FAMILY,10000.0
47832376,3811 SW Janiga St,34953,322500.0,2.0,2.0,964.0,SINGLE_FAMILY,10454.0
47833722,567 SE Euclid Ln,34983,395000.0,3.0,3.0,1809.0,SINGLE_FAMILY,10000.0
47837378,1515 SE Mariana Rd,34952,290000.0,2.0,3.0,1471.0,SINGLE_FAMILY,0.28999081726354453
47851345,2837 SE Pine Valley St,34952,410000.0,2.0,3.0,2094.0,SINGLE_FAMILY,0.3199954086317723
61096115,440 Natalie Dr,34952,161000.0,2.0,2.0,972.0,MANUFACTURED,1952.0
81399041,1209 SW Emerald Ave,34953,395000.0,2.0,4.0,1918.0,SINGLE_FAMILY,10000.0
81409451,498 SW Laconic Ave,34953,385500.0,2.0,3.0,1739.0,SINGLE_FAMILY,10454.0
97858109,4174 SW Macad St,34953,450900.0,,,,SINGLE_FAMILY,10000.0
99368093,941 SW Jacqueline Ave,34953,100000.0,,,,SINGLE_FAMILY,10000.0
103522097,2311 SW Altara St,34953,97000.0,0.0,,,LOT,0.2699954086317723
103533083,1218 SW Albenga Ave,34953,100000.0,,,,SINGLE_FAMILY,10000.0
103540504,5394 NW Rugby Dr,34983,95000.0,,,,SINGLE_FAMILY,10454.0
103545034,2219 SE Lucaya St,34952,91000.0,,,,SINGLE_FAMILY,10000.0
103553135,1402 SW Iffla Ave,34953,98000.0,,,,SINGLE_FAMILY,0.32998163452708906
103561594,422 SW Ukana Ct,34953,95000.0,,,,SINGLE_FAMILY,0.35
103576213,1985 SW Beauregard St,34953,96000.0,,,,SINGLE_FAMILY,0.2599862258953168
103583191,2286 SW Almansa Ave,34953,98000.0,,,,SINGLE_FAMILY,0.3099862258953168
103596721,4502 SW Paley Rd,34953,400165.0,3.0,4.0,1916.0,SINGLE_FAMILY,10000.0
103608025,329 SW Duxbury Ave,34983,90000.0,,,,SINGLE_FAMILY,10000.0
188509675,11204 SW Lake Park Dr,34987,440000.0,2.5,2.0,2039.0,SINGLE_FAMILY,6274.0
251239752,12820 SW Aureolian Ln,34987,579990.0,2.0,3.0,2175.0,SINGLE_FAMILY,9017.0
251240582,10075 SW Coral Tree Cir,34987,446000.0,2.0,2.0,1992.0,SINGLE_FAMILY,7405.0
337761192,12236 Rimini Way,34987,370000.0,2.0,2.0,1614.0,SINGLE_FAMILY,4792.0
337761195,12290 Rimini Way,34987,355000.0,2.0,3.0,1504.0,SINGLE_FAMILY,4792.0
2057214073,672 NE Waters Edge Ln #1505,34983,315723.0,3.0,3.0,1690.0,TOWNHOUSE,1742.0
2058062984,629 NW Riverside Dr,34983,400165.0,2.0,4.0,1828.0,SINGLE_FAMILY,10000.0
47819000,124 NE Lobster Rd,34983,283000.0,1.0,2.0,1164.0,SINGLE_FAMILY,8360.0
47824936,641 SE Damask Ave,34983,360000.0,2.0,2.0,1364.0,SINGLE_FAMILY,10000.0
47827612,1631 SE Sandia Dr,34983,260000.0,2.0,3.0,1452.0,SINGLE_FAMILY,10000.0
47832602,3555 SW Masilunas St,34953,392500.0,2.0,3.0,1383.0,SINGLE_FAMILY,10454.0
47843125,2210 SE Heathwood Cir,34952,350000.0,2.0,3.0,1183.0,SINGLE_FAMILY,0.26000918273645546
47844819,409 SW Eastport Cir,34953,300000.0,2.0,3.0,1176.0,SINGLE_FAMILY,10000.0
47845265,5437 NW Edgewater Ave,34983,200000.0,2.0,3.0,1528.0,SINGLE_FAMILY,10000.0
47847797,374 NE Jonquil St,34983,305000.0,2.0,3.0,1389.0,SINGLE_FAMILY,8799.12
47851862,1911 SE Oxmoor Ter,34952,299000.0,2.0,3.0,1320.0,SINGLE_FAMILY,10000.0
47853156,3327 Columbrina Cir,34952,234900.0,2.0,2.0,1119.0,MANUFACTURED,4787.0
,,,,,,,,
54859114,3804 Sandlace Ct,34952,208000.0,2.0,3.0,2003.0,MANUFACTURED,6209.0
66217099,8048 Long Drive Dr,34952,263500.0,2.0,2.0,1502.0,MANUFACTURED,6534.0
81403453,2155 SE Casselberry Dr,34952,2200.0,2.5,3.0,1582.0,SINGLE_FAMILY,2614.0
81410599,1331 SW Sudder Ave,34953,365000.0,2.0,3.0,1477.0,SINGLE_FAMILY,10000.0
82618405,9939 SW Chadwick Dr,34987,335000.0,2.0,3.0,1513.0,SINGLE_FAMILY,6098.0
103520081,188 SW Gettysburg Dr,34953,155000.0,,,,LOT,0.5
103545775,3874 SW Kocerik St,34953,309990.0,2.0,2.0,1239.0,SINGLE_FAMILY,9892.0
103562229,SW Greenan Ln,34953,388000.0,2.0,4.0,1806.0,SINGLE_FAMILY,0.25
103568062,2902 SW Moody Ter,34953,110000.0,,,,LOT,0.3
103578943,4026 SW McCandless St,34953,137000.0,3.0,4.0,3200.0,SINGLE_FAMILY,10454.0
103587891,1130 SW Del Rio Blvd,34953,95000.0,,,,SINGLE_FAMILY,10454.0
103589220,4525 SW Tabor St,34953,353900.0,2.0,3.0,,SINGLE_FAMILY,10625.0
188509829,11026 SW Winding Lakes Cir,34987,365000.0,2.0,2.0,1565.0,SINGLE_FAMILY,4073.0
251239668,12896 SW Gingerline Dr,34987,450000.0,2.0,2.0,1579.0,SINGLE_FAMILY,5445.0
251240485,10644 SW Sunray St,34987,585000.0,2.0,2.0,1841.0,SINGLE_FAMILY,6055.0
,,,,,,,,
